{"0": {"precision": 0.927536231884058, "recall": 0.9481481481481482, "f1-score": 0.9377289377289377, "support": 270.0}, "1": {"precision": 0.8888888888888888, "recall": 0.8484848484848485, "f1-score": 0.8682170542635659, "support": 132.0}, "accuracy": 0.9154228855721394, "macro avg": {"precision": 0.9082125603864735, "recall": 0.8983164983164984, "f1-score": 0.9029729959962518, "support": 402.0}, "weighted avg": {"precision": 0.914846059557286, "recall": 0.9154228855721394, "f1-score": 0.9149041401731439, "support": 402.0}}